<?xml version="1.0"?>
<concrete5-cif version="1.0">
    <blocktypes>
        <blocktype handle="pie_chart" package="theme_supermint"/>
    </blocktypes>
    <stacks>
      <stack name="Site Logo">
        <area name="Main">
          <blocks/>
        </area>
      </stack>
      <stack name="Lateral Navigation Header">
        <area name="Main">
          <blocks/>
        </area>
      </stack>
      <stack name="Lateral Navigation Footer">
        <area name="Main">
          <blocks/>
        </area>
      </stack>
    </stacks>
</concrete5-cif>
