<?xml version="1.0"?>
<schema version="0.3">
	<table name="btTeam">
		<field name="bID" type="I"><key /><unsigned /></field>

		<field name="field_1_textbox_text" type="X"></field>

		<field name="field_2_textbox_text" type="X"></field>

		<field name="field_3_textbox_text" type="X"></field>

		<field name="field_4_textbox_text" type="X"></field>

		<field name="field_5_textbox_text" type="X"></field>

		<field name="field_6_image_fID" type="I"></field>
		<field name="field_6_image_externalLinkURL" type="C" size="255"></field>
		<field name="field_6_image_altText" type="C" size="255"></field>

		<field name="field_7_link_cID" type="I"></field>
		<field name="field_7_link_text" type="C" size="255"></field>

		<field name="field_8_wysiwyg_content" type="X2"></field>


	</table>
</schema>